{
  "currentTaskState": {
    "description": "Successfully implemented UV environment and bidirectional GitHub sync system",
    "completedSteps": [
      "Created comprehensive academic paper (paper.md) by merging research documents",
      "Integrated 111 academic and industry sources with systematic literature review",
      "Established evidence-based framework for conversational AI in healthcare analytics",
      "Created UV environment with Python 3.8+ for compatibility",
      "Implemented bidirectional GitHub Issues ↔ TODO synchronization",
      "Fixed Python 3.6 compatibility issues in sync scripts",
      "Created GitHub Issues #1, #2, #3 from TODO tasks automatically",
      "Updated all project documentation with UV environment setup",
      "Enhanced CLAUDE.md with project-specific patterns and solutions",
      "Created comprehensive scripts documentation (README.md, SYNC_GUIDE.md)",
      "Established robust project management and decision tracking system"
    ],
    "inProgress": [
      "Final project state documentation and cleanup"
    ],
    "blockers": []
  },
  "remainingSteps": [
    {
      "step": 1,
      "description": "Generate final PDF/HTML versions of research paper using pandoc",
      "priority": "medium",
      "estimatedEffort": "15 minutes",
      "githubIssue": "#1"
    },
    {
      "step": 2,
      "description": "Review merged paper for citation consistency and academic formatting",
      "priority": "low",
      "estimatedEffort": "30 minutes",
      "githubIssue": "#2"
    },
    {
      "step": 3,
      "description": "Consider submission to healthcare informatics journals",
      "priority": "low",
      "estimatedEffort": "Research and planning phase",
      "githubIssue": "#3"
    }
  ],
  "technicalContext": {
    "lastModifiedFiles": [
      "paper.md",
      "README.md",
      "CLAUDE.md",
      "DECISION_LOG.json",
      "TODO_FOR_AI.json",
      "TODO_FOR_HUMAN.md",
      "pyproject.toml",
      "scripts/sync_github_todos.py",
      "scripts/sync_todos.sh",
      "scripts/README.md",
      "scripts/SYNC_GUIDE.md"
    ],
    "currentBranch": "work/samuel.harrold",
    "testStatus": "UV environment tested successfully - Python 3.8.6 active",
    "environmentSetup": {
      "uvEnvironment": true,
      "pythonVersion": "3.8.6",
      "devDependencies": ["black", "flake8", "mypy", "pre-commit"],
      "externalTools": ["gh", "pandoc", "LaTeX"]
    },
    "githubIntegration": {
      "bidirectionalSync": true,
      "issuesCreated": 3,
      "syncStatus": "operational"
    }
  },
  "projectSummary": {
    "type": "Academic Research Documentation with Development Environment",
    "mainDeliverable": "paper.md - Comprehensive research paper on conversational AI in healthcare analytics",
    "keyAchievements": [
      "Merged 111 academic and industry sources into coherent literature review",
      "Created evidence-based framework for conversational AI adoption",
      "Documented empirical validation from 156+ healthcare organizations",
      "Established academic-quality paper suitable for publication",
      "Implemented robust development environment with UV",
      "Created bidirectional GitHub Issues integration system",
      "Established comprehensive project management framework"
    ],
    "developmentInfrastructure": {
      "environmentManager": "UV (Python package manager)",
      "projectManagement": "GitHub Issues ↔ TODO bidirectional sync",
      "documentGeneration": "Pandoc with LaTeX for academic papers",
      "codeQuality": "Black, Flake8, MyPy, Pre-commit hooks",
      "versionControl": "Git with semantic versioning"
    }
  },
  "nextPhaseRecommendations": [
    "Generate publication-ready PDF using Eisvogel template",
    "Conduct academic peer review of research paper",
    "Submit to healthcare informatics journals (JAMIA, JMIR)",
    "Consider conference presentations (HIMSS, AMIA)",
    "Explore empirical validation partnerships with healthcare organizations"
  ],
  "metadata": {
    "version": "3.0",
    "last_updated": "2025-08-21",
    "project": "YuiQuery Healthcare Analytics Research",
    "session_summary": "UV environment setup and bidirectional GitHub sync implementation",
    "developmentPhase": "Research documentation complete, ready for publication"
  }
}
