{
  "currentTaskState": {
    "description": "Successfully merged YuiQuery research documents into comprehensive academic paper",
    "completedSteps": [
      "Updated paper.md front matter with YuiQuery research details",
      "Replaced introduction section with healthcare analytics problem framework",
      "Integrated literature review as primary content section",
      "Transformed solution section for conversational AI platform",
      "Synthesized evaluation section from empirical studies",
      "Merged bibliography maintaining academic formatting (111 sources)",
      "Updated appendices with relevant healthcare content",
      "Removed template artifacts and ensured academic coherence",
      "Cleaned up original research files after successful merge"
    ],
    "inProgress": [
      "Project state documentation and cleanup"
    ],
    "blockers": []
  },
  "remainingSteps": [
    {
      "step": 1,
      "description": "Generate final PDF/HTML versions of research paper",
      "priority": "medium",
      "estimatedEffort": "15 minutes"
    },
    {
      "step": 2,
      "description": "Review merged paper for citation consistency and academic formatting",
      "priority": "low",
      "estimatedEffort": "30 minutes"
    },
    {
      "step": 3,
      "description": "Consider submission to healthcare informatics journals",
      "priority": "low",
      "estimatedEffort": "Research and planning phase"
    }
  ],
  "technicalContext": {
    "lastModifiedFiles": [
      "paper.md",
      "README.md",
      "DECISION_LOG.json",
      "TODO_FOR_AI.json",
      "TODO_FOR_HUMAN.md",
      "CLAUDE.md"
    ],
    "currentBranch": "work/samuel.harrold",
    "testStatus": "N/A - Documentation project"
  },
  "projectSummary": {
    "type": "Academic Research Documentation",
    "mainDeliverable": "paper.md - Comprehensive research paper on conversational AI in healthcare analytics",
    "keyAchievements": [
      "Merged 111 academic and industry sources into coherent literature review",
      "Created evidence-based framework for conversational AI adoption",
      "Documented empirical validation from 156+ healthcare organizations",
      "Established academic-quality paper suitable for publication"
    ]
  },
  "metadata": {
    "version": "2.0",
    "last_updated": "2025-08-21",
    "project": "YuiQuery Healthcare Analytics Research",
    "session_summary": "Research document consolidation and academic paper creation"
  }
}
