{
  "with_bmad": {
    "migration_strategy": "None needed",
    "include_e2e_tests": false,
    "include_performance_tests": true,
    "include_security_tests": true,
    "task_granularity": "Small tasks (1-2 hours each)",
    "follow_epic_order": true,
    "additional_notes": "This feature adds a Python package lit_review/ with Clean Architecture layers. External packages are allowed (click, requests, pydantic). The system complements existing validate_references.py. Follow TDD approach with >80% test coverage."
  }
}
